<?xml version="1.0" encoding="UTF-8"?>
<project-private xmlns="http://www.netbeans.org/ns/project-private/1">
    <editor-bookmarks xmlns="http://www.netbeans.org/ns/editor-bookmarks/2" lastBookmarkId="0"/>
    <open-files xmlns="http://www.netbeans.org/ns/projectui-open-files/2">
        <group>
            <file>file:/C:/Users/sayan/Documents/Netbeans%20Project/bank%20management%20system/src/bank/management/system/SignupOne.java</file>
            <file>file:/C:/Users/sayan/Documents/Netbeans%20Project/bank%20management%20system/src/bank/management/system/Conn.java</file>
            <file>file:/C:/Users/sayan/Documents/Netbeans%20Project/bank%20management%20system/src/bank/management/system/SignupTwo.java</file>
            <file>file:/C:/Users/sayan/Documents/Netbeans%20Project/bank%20management%20system/src/bank/management/system/SignupThree.java</file>
            <file>file:/C:/Users/sayan/Documents/Netbeans%20Project/bank%20management%20system/src/bank/management/system/Transactions.java</file>
            <file>file:/C:/Users/sayan/Documents/Netbeans%20Project/bank%20management%20system/src/bank/management/system/Deposit.java</file>
            <file>file:/C:/Users/sayan/Documents/Netbeans%20Project/bank%20management%20system/src/bank/management/system/Login.java</file>
            <file>file:/C:/Users/sayan/Documents/Netbeans%20Project/bank%20management%20system/src/bank/management/system/Withdrawl.java</file>
            <file>file:/C:/Users/sayan/Documents/Netbeans%20Project/bank%20management%20system/src/bank/management/system/FastCash.java</file>
            <file>file:/C:/Users/sayan/Documents/Netbeans%20Project/bank%20management%20system/src/bank/management/system/PinChange.java</file>
            <file>file:/C:/Users/sayan/Documents/Netbeans%20Project/bank%20management%20system/src/bank/management/system/BalanceEnquiry.java</file>
            <file>file:/C:/Users/sayan/Documents/Netbeans%20Project/bank%20management%20system/src/bank/management/system/MiniStatement.java</file>
        </group>
    </open-files>
</project-private>
